book_id,casican_id,title,description,author,publisher,media_type,genre,isbn,release_date,cover_image,mood_tags,location,quantity,is_available,is_owner_pick,is_featured,is_hidden,casican_url,casican_qr_url,casican_created_at,created_at,updated_at
1,f4e202b8497a93e01c79a95b10bbebdf,おおきな木,"Japanese edition of Silverstein's perennial classic the Giving Tree - a tree that kept on giving until there was no more to give - a story of friendship. It comes complete with the original illustrations by the beloved author of children's classics.Translated by Murakami Haruki. In Japanese. Distributed by Tsai Fong Books, Inc.",Shel Silverstein|シェル・シルヴァスタイン,Asunaroshobo,絵本,文学・絵本,,2010/1/1,images/books/1.jpg,泣ける|考えさせられる|週末にじっくり,,1,TRUE,TRUE,TRUE,FALSE,https://casican.me/goods/f4e202b8497a93e01c79a95b10bbebdf,https://casican.me/goods/f4e202b8497a93e01c79a95b10bbebdf?source=qrcode,2026/9/20 18:37,2026/9/22 2:00,2026/9/22 12:49
2,58d6e05e79faeec2cd69f8838f9b3895,センスの哲学,センスとは何か、センスの良さを変えることはできるのか。絵画、小説、映画、美術など諸芸術を横断しながらその本質に迫る芸術入門!,千葉雅也,,書籍,芸術・哲学,,2024/1/1,images/books/2.jpg,考えさせられる|週末にじっくり|創作のヒント,,1,TRUE,TRUE,FALSE,FALSE,https://casican.me/goods/58d6e05e79faeec2cd69f8838f9b3895,https://casican.me/goods/58d6e05e79faeec2cd69f8838f9b3895?source=qrcode,2026/9/20 18:43,2026/9/22 2:00,2026/9/22 12:49
3,a2ca286adfee4afed18ecb163cd03781,デザイン入門教室［特別講義］,すぐに使えて、ずっと役立つ基本のルール ※この電子書籍は固定レイアウト型で配信されております。固定レイアウト型は文字だけを拡大することや、文字列のハイライト、検索、辞書の参照、引用などの機能が使用できません。 グラフィックワークから企画書、プレゼン資料まで。 デザイン基礎力は、一生役立つ武器になる！ これからはじめる人に読んでほしい、とことん丁寧な本格入門書、遂に発刊！ 現場のプロが教える真剣教室、開講です！ 【センス、経験、一切不要！】 ―――――― デザインは、すべての人が必ず上達できます。 デザインが苦手な人の話を聞くと「私にはセンスがないから」といわれることがあります。しかし、読み手に伝わるデザイン、心に残るデザイン、読みやすいデザインを制作するのにもっとも大切なものはセンスではありません。大切なのは・・・ ―――本文より ●本書の対象読者 ・自分自身で何らかの紙面や資料などを制作する機会がある人 ・紙面や資料で他人に何かを伝える機会がある人 ・これからデザインを勉強しようとしている人 ・デザイナー１年生,坂本伸二,SBクリエイティブ,書籍,デザイン,,2015/1/1,images/books/3.jpg,創作のヒント|仕事に役立つ|学びたい,,1,TRUE,FALSE,FALSE,FALSE,https://casican.me/goods/a2ca286adfee4afed18ecb163cd03781,https://casican.me/goods/a2ca286adfee4afed18ecb163cd03781?source=qrcode,2026/9/20 18:43,2026/9/22 2:00,2026/9/22 12:49
4,9e58f4175bd70ddc25174dad1e385c5b,リセットの習慣,15万部『整える習慣』著者で自律神経の名医が説く「悪い流れを断つ」99の行動術。思い切って・新たに始めるでワクワクする人生を,小林弘幸,日経BP 日本経済新聞出版,文庫,自己啓発・健康,,2022/1/1,images/books/4.jpg,心を整える|気軽に読める,,1,TRUE,FALSE,FALSE,FALSE,https://casican.me/goods/9e58f4175bd70ddc25174dad1e385c5b,https://casican.me/goods/9e58f4175bd70ddc25174dad1e385c5b?source=qrcode,2026/9/20 18:37,2026/9/22 2:00,2026/9/22 12:49
5,a116ea93093ee5addf03329af0384171,外資系コンサルが使っている戦略を1冊にまとめてみた,この1冊でコンサルタントが使っている戦略が身につく! 先の見えない時代の中でビジネスで勝ち残るために、ビジネススクールで教えられている様々なビジネス理論を理解して実践することが求められています。本書は世界中のエリートが学んでいる主要なビジネス理論を1テーマ4ページ、図解付きで解説しています。 「ランチェスター戦略」、「ポーターの競争戦略」、「ブル―オーシャン戦略」「イノベーションのジレンマ」などの古典的理論から、ジョブ理論などの最新理論、そしてITやAIなど最新テクノロジーを使ったビジネス理論までを網羅しています。本書で紹介している戦略は実際にマッキンゼー、ボストンコンサルティング、アクセンチュアでも使用されているものです。この本を読めば、いま必要な戦略が3時間で理解できるはずです。,グローバルビジネスバレー,,書籍,ビジネス,,2025/1/1,images/books/5.jpg,週末にじっくり|仕事に役立つ|学びたい,,1,TRUE,FALSE,FALSE,FALSE,https://casican.me/goods/a116ea93093ee5addf03329af0384171,https://casican.me/goods/a116ea93093ee5addf03329af0384171?source=qrcode,2026/9/20 18:41,2026/9/22 2:00,2026/9/22 12:49
6,7069066128de33f88248e3ebe5c0fbfd,自分を大事に、ゆっくり生きるゆるゆる漢方生活,SNSで大反響の漢方家が教える、養生エッセイ! 暮らしの小さな習慣、食事、季節の過ごし方など、心身が丈夫になるコツがわかる!,櫻井大典,,文庫,健康・暮らし,,2024/1/1,images/books/6.jpg,心を整える|気軽に読める|暮らしを楽しむ,,1,TRUE,TRUE,FALSE,FALSE,https://casican.me/goods/7069066128de33f88248e3ebe5c0fbfd,https://casican.me/goods/7069066128de33f88248e3ebe5c0fbfd?source=qrcode,2026/9/20 18:38,2026/9/22 2:00,2026/9/22 12:49
7,9d4a02b0d0618746e5e69fbcee6b53d5,社外プレゼンの資料作成術,「2.5秒」で伝わるスライドのコツ、「数字×質問」が最強のイントロ、「開始30秒」で共感を得る方法、「7ヒッツ」で記憶に刻み込むなど、孫正義社長のプレゼン資料をつくった著者のノウハウを全公開!,前田鎌利,,書籍,ビジネス,,2016/1/1,images/books/7.jpg,創作のヒント|仕事に役立つ|学びたい,,1,TRUE,FALSE,FALSE,FALSE,https://casican.me/goods/9d4a02b0d0618746e5e69fbcee6b53d5,https://casican.me/goods/9d4a02b0d0618746e5e69fbcee6b53d5?source=qrcode,2026/9/20 18:42,2026/9/22 2:00,2026/9/22 12:49
8,49906dab60d375d2777b6920062f66f7,社内プレゼンの資料作成術,「5~9枚」でロジックを組む、「10秒」でわかるスライドのコツ、キーメッセージは「13字」以内、「逆L字」で目線を誘導するなど、シンプルな資料で100%の説得力。4分の1の労力で採択率2倍!,前田鎌利,,書籍,ビジネス,,2015/1/1,images/books/8.jpg,創作のヒント|仕事に役立つ|学びたい,,1,TRUE,FALSE,FALSE,FALSE,https://casican.me/goods/49906dab60d375d2777b6920062f66f7,https://casican.me/goods/49906dab60d375d2777b6920062f66f7?source=qrcode,2026/9/20 18:42,2026/9/22 2:00,2026/9/22 12:49
9,b1d2c7fba94a089f7a360b761e174d01,働くことの小さな革命ルポ日本の「社会的連帯経済」,資本主義に代わる次世代の経済として、EUを中心に今、世界で推進される「社会的連帯経済」。 みんなが経営者となって働く労働者協同組合、NPOや社会的企業、地域通貨など利益追求を目的としない組織が連携し、新しい経済圏を形作る経済を指す。 そこにあるのは「競争ではなく自分らしく」「会社ではなくコミュニティのために」という働き方だ。 世界の格差・貧困問題を取材し続けてきたジャーナリストが日本各地での取り組み・事例を紹介。 資本主義によって失われた人のつながりや小さなコモンを育む人々を描く、希望のルポルタージュ。 【目次】 序章未来を生きるための経済 第一章自分を大切にする働き方 第二章次世代の働き方「協同労働」 第三章社会的連帯経済を支える金融 第四章地域の「コモンを」を育てる 第五章市民が社会をつくる 第六章コミュニティ(共同体)から始まる未来 終章次世代エコノミーの当事者になる 【著者略歴】 工藤律子(くどうりつこ) 1963年大阪府生まれ。 東京外国語大学地域研究研究科修士課程在籍中より、メキシコの貧困層の生活改善運動を研究するかたわら、フリーのジャーナリストとして取材活動を始める。 著書に、『マラス暴力に支配される少年たち』(集英社、第14回開高健ノンフィクション賞受賞作)、『ルポ雇用なしで生きる』『ルポつながりの経済を創る』(岩波書店)、『ストリートチルドレン』(岩波ジュニア新書)などがある。 NGO「ストリートチルドレンを考える会」共同代表。,工藤律子,,新書,社会・経済,,2025/1/1,images/books/9.jpg,考えさせられる|週末にじっくり|仕事に役立つ,,1,TRUE,TRUE,FALSE,FALSE,https://casican.me/goods/b1d2c7fba94a089f7a360b761e174d01,https://casican.me/goods/b1d2c7fba94a089f7a360b761e174d01?source=qrcode,2026/9/20 18:39,2026/9/22 2:00,2026/9/22 12:49
10,9bc855b1da615859bbbd956e99dadfc4,暮らしの哲学,,ロジェ=ポル・ドロワ|鈴木邑|長崎訓子,,文庫,哲学・暮らし,,2008/1/1,images/books/10.jpg,考えさせられる|気軽に読める|暮らしを楽しむ,,1,TRUE,FALSE,FALSE,FALSE,https://casican.me/goods/9bc855b1da615859bbbd956e99dadfc4,https://casican.me/goods/9bc855b1da615859bbbd956e99dadfc4?source=qrcode,2026/9/20 18:38,2026/9/22 2:00,2026/9/22 12:49
11,1983b71f19261c39b337cbd15e219dcd,旅の指さし会話帳　スペイン語,本書は、単語やフレーズを指さすだけで通じる便利な会話帳です。「旅の指さし会話帳12 スペイン」から厳選抜粋した内容をコンパクトに収録。見たいページがすぐに開けるよう、状況・項目別に分類されています。各単語には、できるだけ実際の発音に近いヨミガナが付いており、表情豊かなイラストは現地の人の理解度を高めてくれます。便利な辞書形式の単語集(日本語→スペイン語)は、約1800語を収録。,佐藤圭,,書籍,語学・旅行,,2013/1/1,images/books/11.jpg,気軽に読める|旅に出たい|学びたい,,1,TRUE,FALSE,FALSE,FALSE,https://casican.me/goods/1983b71f19261c39b337cbd15e219dcd,https://casican.me/goods/1983b71f19261c39b337cbd15e219dcd?source=qrcode,2026/9/20 18:40,2026/9/22 2:00,2026/9/22 12:49
12,d940e5e2bffccc3d561bd184c5f56d66,旅の指さし会話帳mini英語,本書は、単語やフレーズを指さすだけで通じる便利な会話帳です。英語圏への旅でよく使われる言葉やフレーズを厳選抜粋した内容をコンパクトに収録した英語の会話集。見たいページがすぐに開けるよう、状況・項目別に分類されています。各単語には、できるだけ実際の発音に近いヨミガナが付いており、表情豊かなイラストは現地の人の理解度を高めてくれます。便利な辞書形式の単語集(日本語→英語)は、約1500語を収録。,情報センター出版局,,書籍,語学・旅行,,2009/1/1,images/books/12.jpg,気軽に読める|旅に出たい|学びたい,,1,TRUE,FALSE,FALSE,FALSE,https://casican.me/goods/d940e5e2bffccc3d561bd184c5f56d66,https://casican.me/goods/d940e5e2bffccc3d561bd184c5f56d66?source=qrcode,2026/9/20 18:40,2026/9/22 2:00,2026/9/22 12:49
